customer_id,first_name,last_name,email,city,country,registration_date
1,Christopher,Davis,joshua52@example.org,New Courtneystad,Timor-Leste,2024-03-19
2,Tara,Dixon,douglas65@example.com,Kristiport,Vanuatu,2024-01-28
3,James,Chen,nancy22@example.net,Kevinview,Cocos (Keeling) Islands,2024-11-24
4,Amy,Newton,kanderson@example.com,South Paula,British Indian Ocean Territory (Chagos Archipelago),2024-02-19
5,Nicholas,Hammond,flynncarlos@example.org,Lesliechester,Kuwait,2025-04-03
6,Mary,Gonzalez,zkeith@example.org,North Adam,Norfolk Island,2025-12-02
7,Ashley,Hill,uosborne@example.com,East Justin,Hungary,2024-07-03
8,Jeffery,Carter,whiteronald@example.com,Arthurburgh,Poland,2023-09-27
9,Jeremy,Watson,powellbrandon@example.com,Trujilloville,Kyrgyz Republic,2024-09-19
10,Edward,Neal,jonesapril@example.com,North Ernest,Macao,2023-07-27
11,Brian,Hudson,lhayes@example.org,Lake Samuel,Zambia,2023-07-08
12,Kyle,Fletcher,lindsay42@example.net,Wadestad,Ireland,2024-08-07
13,Joshua,Dillon,brittanywalker@example.net,West Matthewtown,Senegal,2025-05-08
14,Richard,Marshall,deborahtran@example.com,Wardchester,Uruguay,2024-01-04
15,Courtney,Hopkins,cynthiahall@example.net,Johnchester,Holy See (Vatican City State),2024-12-17
16,Diane,Fernandez,jamesmegan@example.org,Wilsonton,Singapore,2024-05-30
17,Tammy,Todd,danielwilson@example.org,Courtneyview,Albania,2024-10-03
18,Jeremiah,Hill,thomaskoch@example.org,Lake Joshua,Paraguay,2024-01-09
19,Samuel,Alexander,pmccoy@example.net,South Tara,North Macedonia,2024-10-11
20,Victoria,Wilson,joshuaharris@example.net,Mooreton,Dominica,2024-03-15
21,Alyssa,Stanley,gweaver@example.com,Lake Jayside,Brunei Darussalam,2025-07-17
22,William,Moss,fturner@example.com,South Thomaschester,Christmas Island,2025-08-17
23,Emily,Pacheco,carolynchambers@example.net,Alvaradoport,Svalbard & Jan Mayen Islands,2024-03-28
24,Steven,Braun,justinmoore@example.com,Nicholasmouth,Oman,2025-06-23
25,Christina,Guzman,fharris@example.com,Davidshire,Samoa,2023-09-13
26,Ethan,Stewart,petersonsamuel@example.org,New Codyside,Mexico,2025-02-27
27,Julie,Stevenson,christinamarshall@example.com,New Nicholasberg,Maldives,2025-09-24
28,Amanda,Knox,cross@example.org,South Jamesberg,Bahrain,2023-06-29
29,Brandon,Johnston,andrewsphillip@example.org,Timothyside,Micronesia,2024-09-19
30,Bruce,Evans,anthony67@example.org,Dianamouth,Lao People's Democratic Republic,2026-01-08
31,Richard,Weaver,ujohnson@example.com,Marksfort,Mauritius,2025-08-28
32,Jeremy,Hill,ugray@example.org,Gloverberg,Sweden,2026-01-16
33,Christopher,Lopez,shannonbaker@example.org,Bradleyfort,Cocos (Keeling) Islands,2024-10-19
34,James,Jones,timothy78@example.net,Georgeberg,Saint Helena,2024-01-21
35,Crystal,Knight,wgarcia@example.org,Johnmouth,Trinidad and Tobago,2024-06-18
36,Chelsea,Ortiz,kelly69@example.org,Danielfort,Western Sahara,2025-05-07
37,Karen,Mitchell,mosleyjeffrey@example.com,Petersbury,Israel,2024-07-15
38,Leslie,Butler,oproctor@example.com,East Ashleyhaven,Mayotte,2023-08-15
39,Keith,Woodward,vpayne@example.com,New Diamond,Marshall Islands,2026-02-06
40,Tracy,Calhoun,craigwilliams@example.org,Lake Steve,Venezuela,2024-02-10
41,William,Jensen,nicholasking@example.com,East Dianachester,Slovenia,2024-09-24
42,Jacob,Thomas,jamesrangel@example.com,East Crystalmouth,Seychelles,2025-03-01
43,Martin,Wilson,hbell@example.org,North Ronald,Austria,2024-10-06
44,Ryan,Rogers,michaelferguson@example.com,Emilystad,Turkmenistan,2024-02-04
45,Michael,Jackson,coxalex@example.net,Collinsshire,Spain,2025-01-11
46,Justin,Lucero,elizabeth91@example.com,Moralesside,Canada,2026-02-17
47,Erik,Kim,longjoseph@example.com,Aaronchester,Papua New Guinea,2025-10-16
48,Brandon,Watson,nthompson@example.net,Suemouth,Marshall Islands,2024-05-21
49,Jesse,Cooper,cbradley@example.org,East Josephhaven,Ecuador,2026-03-20
50,Chelsea,Thomas,mendezkimberly@example.org,South Lauraland,Kyrgyz Republic,2024-12-20
51,Jessica,Blackwell,cmendez@example.com,Chavezburgh,Kyrgyz Republic,2025-03-18
52,Ryan,Rich,lauriecraig@example.org,East Jasonshire,Japan,2023-11-17
53,Elizabeth,Marsh,lloydnatalie@example.net,Joelmouth,Croatia,2026-02-18
54,Barbara,Proctor,youngterri@example.com,Williamsonbury,American Samoa,2025-05-27
55,Phyllis,Hill,kbrock@example.org,South Jill,Guinea,2025-06-24
56,James,Bailey,lisaedwards@example.org,Martinezview,Albania,2024-04-02
57,Christopher,Steele,jacqueline71@example.net,Danieltown,Cameroon,2024-03-01
58,Deborah,Phillips,edward64@example.net,North Kimview,Turkey,2025-04-05
59,Brenda,Nunez,sandranewton@example.net,New Josephborough,Tuvalu,2024-08-28
60,Christina,Owens,zpowell@example.com,Lake Christopherport,Netherlands,2024-03-21
61,Seth,Evans,tanner88@example.org,Erinton,Antarctica (the territory South of 60 deg S),2025-08-19
62,Tammy,Gonzalez,bradyburgess@example.com,New Amber,Central African Republic,2024-12-02
63,Jonathan,Gonzales,juan68@example.com,South Tyler,Morocco,2025-04-12
64,Pamela,Davis,joseph12@example.com,Williammouth,Lao People's Democratic Republic,2025-12-28
65,Michelle,Moyer,xhill@example.org,West Tammiemouth,Antigua and Barbuda,2024-11-20
66,Patrick,Ramsey,franktaylor@example.org,Marshallberg,Oman,2025-04-10
67,Jeremy,Martinez,wardmary@example.com,Richardsonville,Korea,2024-02-03
68,Anthony,Hood,ohill@example.org,Haydenbury,Guam,2024-09-15
69,Michael,Pratt,kalvarez@example.net,Lake Kathleen,Morocco,2026-05-24
70,Thomas,Armstrong,grahamnatalie@example.net,Donnahaven,Algeria,2025-04-15
71,Kristin,Davis,ncobb@example.org,Albertfurt,Mongolia,2026-06-23
72,Ashley,Grant,vtorres@example.org,Duarteview,Malawi,2024-05-15
73,Sue,Ferguson,hhill@example.net,West Thomas,Chad,2024-12-09
74,Jason,Williams,richardritter@example.org,New Randall,France,2025-02-04
75,Michael,Bush,wwalsh@example.org,Alexanderfort,Dominican Republic,2023-10-15
76,Brooke,Freeman,schmidtamanda@example.net,South Edward,Cameroon,2026-06-15
77,Natalie,Robbins,adam12@example.net,East Caseyport,Saudi Arabia,2025-09-28
78,Aaron,Hodge,jonesjacob@example.org,New Jessicaborough,Norway,2025-01-05
79,Nancy,Vincent,barnesbradley@example.com,North Brian,Iceland,2024-03-14
80,Dennis,Liu,alexander18@example.net,Alvinstad,Pitcairn Islands,2023-06-29
81,Ashley,Williams,claynicole@example.org,Williamsmouth,Cameroon,2024-10-17
82,Miranda,Fernandez,rwhitaker@example.net,Hardingview,Syrian Arab Republic,2025-11-10
83,Jennifer,Martinez,kaitlyn33@example.com,Clarkview,Togo,2023-08-11
84,Julie,Levine,umiller@example.org,Carolinefort,Niue,2025-01-07
85,Jennifer,Dean,mahoneyheather@example.org,Clarkborough,British Virgin Islands,2025-07-25
86,Laura,Wise,jeffreymorgan@example.net,Lake Alyssa,Saint Lucia,2025-09-03
87,John,Lucas,zgallegos@example.org,Port Chelseaton,Puerto Rico,2024-10-05
88,Ashley,Campbell,ryan07@example.org,Lake Kevinland,Morocco,2025-09-21
89,David,Oliver,jessica70@example.com,New Michaelborough,Mongolia,2024-12-02
90,Gina,Moreno,ddavis@example.com,West Tamara,Saint Kitts and Nevis,2024-05-14
91,Tabitha,Small,james62@example.net,Geoffreyside,Ethiopia,2024-10-03
92,Sabrina,Randolph,zacharybautista@example.org,Chavezbury,Cayman Islands,2023-09-09
93,Rhonda,Horn,erik84@example.net,Nashchester,Martinique,2025-05-16
94,Steven,Carter,jonathan30@example.net,Martinville,Haiti,2023-12-15
95,Roy,Johnson,rachel20@example.net,Port Dawnfurt,Chile,2025-07-02
96,Ryan,Alvarado,alexanderhall@example.com,North Angelaland,Jordan,2024-03-08
97,Christopher,Anderson,wagnerkenneth@example.net,Port Nicholas,Reunion,2024-10-16
98,Patrick,Anderson,matthewwhite@example.com,Simpsonburgh,Samoa,2024-08-17
99,David,Chavez,james08@example.net,Martinezville,American Samoa,2026-06-08
100,Emily,Richardson,lindsey74@example.net,Angelaville,French Polynesia,2024-12-22
101,Danielle,Gonzalez,alexander50@example.org,East Marystad,Bermuda,2025-04-06
102,Jessica,Bush,brandonwebb@example.com,Newmanstad,Palestinian Territory,2025-05-12
103,Victor,Hampton,michelle00@example.org,Lake Dakota,Algeria,2023-10-11
104,Geoffrey,Gardner,jacquelinejuarez@example.com,West Johnhaven,Gambia,2024-10-21
105,Ann,Sandoval,daniel68@example.com,South Reginaldton,Togo,2026-05-23
106,Jared,Carter,alivictoria@example.net,Richardshire,Greenland,2026-02-06
107,Mary,Anderson,john07@example.org,Larahaven,Martinique,2024-01-26
108,Andrea,Ruiz,davisdaniel@example.org,Rachelmouth,Sweden,2025-11-03
109,Cynthia,Mendez,randallkevin@example.net,South Natalie,Uruguay,2023-11-26
110,Jennifer,Morris,cassienewton@example.org,South Jacob,Algeria,2023-11-16
111,Javier,Pierce,randy50@example.org,New Crystal,Papua New Guinea,2024-05-25
112,Morgan,Hogan,gchaney@example.org,Lake Anthonyhaven,Tanzania,2025-11-10
113,Andrea,Hubbard,owenssally@example.org,Sherichester,Armenia,2024-06-06
114,Robert,Khan,victoriadavidson@example.org,New Samanthabury,Kuwait,2024-12-16
115,Christy,Butler,hernandezanthony@example.com,Duncanmouth,Iran,2024-02-18
116,Paul,Taylor,acurry@example.com,Grayberg,Tokelau,2026-03-14
117,Julia,Thomas,alvaradochris@example.com,Madisonside,Lesotho,2023-08-31
118,Steven,Garcia,christianfernandez@example.net,Davidland,Panama,2024-11-27
119,Bradley,Medina,ffarmer@example.org,Catherineland,Tunisia,2025-07-02
120,Timothy,Ward,markmoore@example.org,North Janicemouth,Cuba,2026-03-20
121,Jason,Montoya,shawnandrews@example.net,Tiffanyfurt,Ethiopia,2024-08-20
122,Elizabeth,Ball,mitchellpriscilla@example.net,Denisefort,Botswana,2023-09-12
123,Brian,Moran,ttorres@example.net,Williamsmouth,Samoa,2025-12-28
124,Lauren,Kaufman,halltaylor@example.net,North Kimstad,Qatar,2024-05-25
125,Jennifer,Ward,nicholas79@example.com,New Danielburgh,Gibraltar,2026-01-24
126,Maria,David,hgamble@example.com,East Heidishire,Indonesia,2024-06-21
127,Nancy,Smith,randalltina@example.org,Georgebury,Oman,2023-07-10
128,Gail,Harrison,kristie96@example.org,New James,Turkey,2025-12-27
129,Jerry,Delgado,meghan06@example.org,Davidbury,Cambodia,2024-05-01
130,Darren,Horne,linda09@example.net,South Barryview,Moldova,2026-03-31
131,John,Miller,anthonytanner@example.net,Port Marcus,Monaco,2025-06-16
132,Billy,Hines,ana80@example.net,West Sarahland,Christmas Island,2024-03-18
133,Kendra,Stevens,weaverchristopher@example.net,Mcgrathborough,Djibouti,2024-12-03
134,Cheryl,Porter,woodscheryl@example.net,Brownside,Guadeloupe,2025-08-13
135,Bruce,George,sarahcoleman@example.net,East Jessicamouth,Czech Republic,2025-02-27
136,Matthew,Reed,valeriewilson@example.org,Wilsonfurt,Hong Kong,2026-05-18
137,Natasha,Morgan,holdenryan@example.net,Cainburgh,Samoa,2025-07-19
138,Aaron,Martinez,vjohnson@example.org,Maryton,Wallis and Futuna,2026-02-10
139,Michael,Clark,leejason@example.com,Taramouth,Mali,2025-05-08
140,Janet,Bennett,boydcolleen@example.net,Myersville,Liechtenstein,2025-10-29
141,Michael,Hernandez,michaelthompson@example.org,Lake Clifford,Western Sahara,2023-10-04
142,Melanie,Vazquez,vbest@example.org,Huffmanport,Jamaica,2024-10-29
143,Samuel,Castro,ian29@example.com,Sextonfurt,Slovakia (Slovak Republic),2025-10-12
144,Angela,Owens,chowell@example.org,South Monica,Bahamas,2026-03-05
145,David,Cantu,shannonchandler@example.com,Lake Haileyville,Croatia,2026-04-29
146,Mark,Hunter,tanya78@example.com,Amberland,Switzerland,2024-11-01
147,Jennifer,Freeman,hstevenson@example.net,New Johnville,Finland,2026-01-01
148,Brittany,Baker,brianparker@example.net,Jesseton,Grenada,2025-01-08
149,James,Jackson,ikeith@example.org,New Tinachester,Namibia,2024-03-12
150,Steven,Thomas,robert55@example.org,New Patricia,Venezuela,2023-10-11
151,Jennifer,Watson,brittanybarber@example.com,Port Annmouth,French Polynesia,2024-01-17
152,Sharon,Bryan,zbaker@example.com,Lake Danielle,Marshall Islands,2025-08-04
153,Justin,Woods,jamessullivan@example.org,New Lydiaton,Svalbard & Jan Mayen Islands,2025-07-01
154,Kathryn,Meyer,jerrybrock@example.net,Elizabethfurt,Holy See (Vatican City State),2025-09-14
155,Victoria,Williams,megancarr@example.com,Lake Jasonshire,Ghana,2025-06-07
156,Alexander,Lin,austinrivers@example.net,Jimenezshire,Christmas Island,2026-02-11
157,Pamela,Singh,volson@example.org,South Alexander,Mayotte,2023-09-09
158,Marilyn,Guerrero,dorothy16@example.net,Lake Timothyfurt,Jersey,2025-05-08
159,Allison,Vaughn,pearsonjason@example.com,Derrickmouth,Lithuania,2025-04-26
160,Ronald,Warren,pcoleman@example.org,East Ericview,Kuwait,2024-01-30
161,Brittany,Davis,youngmegan@example.net,Lake Timothyfort,Costa Rica,2024-01-17
162,Beth,Garcia,steven02@example.com,Fieldsstad,Korea,2024-11-26
163,Nicholas,Lewis,blake88@example.org,Brandyville,Saint Barthelemy,2024-07-20
164,Garrett,Chung,cooperandrew@example.com,Nicholasmouth,Malta,2025-08-18
165,Jim,Gross,kmartinez@example.org,East Michealberg,Malta,2023-08-12
166,Emily,Gould,mle@example.net,South Cassie,United States Virgin Islands,2025-09-14
167,Manuel,Smith,hansonomar@example.com,Lake Jacobfurt,Croatia,2026-01-09
168,Tiffany,Vance,whitepatricia@example.org,Andreaville,Taiwan,2024-02-08
169,Michele,Davis,fbryant@example.com,Jasonmouth,Latvia,2026-04-26
170,Yolanda,Aguilar,juliemorris@example.org,Riverastad,Malta,2026-02-12
171,Calvin,Mendez,robindavenport@example.net,Jenniferland,Central African Republic,2025-10-20
172,Tanya,Sanchez,qcarpenter@example.com,Barnetthaven,Pitcairn Islands,2025-01-14
173,Susan,Diaz,ramirezdavid@example.net,East Nicholaston,Micronesia,2025-03-22
174,Latasha,Zavala,amy46@example.com,Lauramouth,Palau,2025-07-04
175,Michele,Brennan,craig22@example.com,South Johnton,Pakistan,2024-11-01
176,Cynthia,Rios,oneal@example.net,Youngmouth,Suriname,2023-07-26
177,Danielle,Sandoval,amber49@example.org,Donnafurt,Latvia,2025-07-13
178,Nathan,White,knappjennifer@example.com,New Taylor,Lesotho,2025-09-12
179,Karen,Taylor,daltonhuang@example.net,Lake Justinside,Martinique,2024-03-04
180,Ashley,Waters,anthonymeadows@example.org,Schaeferfurt,Burkina Faso,2025-09-17
181,Ian,Bailey,joshuamckenzie@example.net,Masonborough,Nicaragua,2025-06-23
182,Ricardo,Ross,ashleyburnett@example.net,South Bethany,Tunisia,2025-08-07
183,Linda,Hendricks,jennastephens@example.org,Keithville,Western Sahara,2025-07-13
184,Adriana,Valenzuela,cbarry@example.net,Floydstad,Egypt,2025-09-21
185,Fernando,Meyer,james34@example.org,South Gabriel,Libyan Arab Jamahiriya,2025-02-07
186,Randy,Hernandez,guzmanrodney@example.net,East Rebeccaville,Swaziland,2024-06-08
187,Elaine,Reynolds,jordanhernandez@example.net,Lucasmouth,Canada,2025-12-29
188,Thomas,Ramirez,brian60@example.net,Lyonschester,Croatia,2024-11-28
189,Amy,Parker,frank04@example.org,South Kristin,Senegal,2023-11-23
190,Gary,Gilmore,oduran@example.net,West Jacob,Falkland Islands (Malvinas),2025-11-08
191,Anthony,Oconnor,vgreen@example.net,Fullerfort,Netherlands,2026-05-10
192,Sandra,Stanton,zrobertson@example.net,East Brittanyshire,Portugal,2026-05-27
193,Tyler,Newman,vcarrillo@example.com,Port Barrytown,Suriname,2025-01-27
194,Jennifer,Buckley,limark@example.com,Westshire,Guernsey,2023-12-09
195,Carrie,Hall,cody75@example.com,North Rachel,Malta,2025-11-18
196,Michael,Guerra,kara23@example.com,South Amandaton,Nicaragua,2026-03-21
197,Emily,Castillo,campbelldavid@example.org,West Josephside,Canada,2024-01-19
198,Erica,Terrell,jorgeprice@example.com,Baileystad,Martinique,2026-06-14
199,Aaron,White,davidsonphillip@example.com,New Sandraville,Maldives,2024-12-02
200,Debra,Cruz,masonsheryl@example.net,Georgeburgh,Tokelau,2025-09-15
201,Danny,Christensen,amanda16@example.com,South Amymouth,Cuba,2024-04-06
202,Susan,Dickerson,john34@example.org,Whiteberg,Norway,2025-08-31
203,Darren,Hernandez,denniskidd@example.com,Erinton,Slovenia,2025-01-16
204,Adam,Miller,elizabeth20@example.org,New Rachel,Latvia,2026-02-18
205,Jeffrey,Jarvis,rdiaz@example.com,Michaelmouth,Central African Republic,2023-09-18
206,Ashley,Crane,william59@example.com,New Kristen,Honduras,2025-10-02
207,Sean,Sullivan,chad91@example.com,East Kennethton,Jersey,2025-01-01
208,Ashley,Brown,oneilldonna@example.org,Barnesmouth,Madagascar,2024-07-21
209,Daniel,Wood,jerry18@example.com,Robertsbury,Bhutan,2025-02-24
210,Jasmine,Willis,obrennan@example.com,Smithborough,Cyprus,2026-04-15
211,Gary,Reynolds,mannjustin@example.com,Dianebury,Northern Mariana Islands,2025-08-14
212,Justin,Walker,pmiller@example.org,West Monique,Kenya,2026-06-20
213,Jessica,Reyes,meyerdiana@example.org,South Amanda,Nigeria,2026-02-17
214,Jacqueline,Kennedy,ryantravis@example.org,East Ashley,Isle of Man,2026-01-24
215,Frank,Johnson,grantjessica@example.net,Port Michaelchester,Mauritius,2026-01-06
216,Jonathan,Anderson,hayley58@example.org,Cookfort,Saint Barthelemy,2024-11-19
217,Erica,Brown,michael69@example.com,North Richardhaven,Saint Pierre and Miquelon,2025-11-16
218,Teresa,Pruitt,qfrancis@example.org,East Stephanie,Western Sahara,2024-01-19
219,Kelsey,Townsend,keithjoshua@example.net,Morrowmouth,Germany,2025-10-08
220,Michele,Reyes,umendez@example.net,Rodriguezhaven,Cyprus,2026-04-01
221,Anthony,Steele,anthony24@example.org,Sellersview,Guadeloupe,2024-04-02
222,Steven,Terry,jeffreymarshall@example.com,Amyland,United Arab Emirates,2023-09-11
223,Matthew,Mendez,wadams@example.com,New Christine,Monaco,2024-12-19
224,Kendra,Williams,tcasey@example.com,Port Crystal,Ecuador,2024-06-20
225,Jeffrey,Romero,brandy13@example.org,East Franciscoville,Mauritius,2023-10-07
226,Jennifer,Johnson,patriciamiller@example.org,South Andrea,Latvia,2024-06-05
227,Gerald,Frank,williamsonnancy@example.org,North Davidmouth,Saint Barthelemy,2024-01-09
228,Sarah,Blake,zjenkins@example.net,Elizabethfurt,American Samoa,2023-07-09
229,Benjamin,Moore,michele70@example.com,South Rachelland,Sao Tome and Principe,2024-11-11
230,Robert,Martinez,yoderjennifer@example.org,Richardland,Chile,2025-08-20
231,Cassidy,Simpson,colemanwalter@example.org,East Jaredland,Kiribati,2024-06-10
232,George,Wheeler,anntran@example.com,Bishopstad,Gibraltar,2025-06-20
233,Joseph,Martin,hernandezmegan@example.com,Karenfort,Holy See (Vatican City State),2025-11-24
234,Joshua,Mcneil,andrew25@example.net,North Davidstad,Aruba,2025-10-01
235,James,Mcintosh,danielnguyen@example.com,West Jaclyn,Philippines,2026-04-25
236,Dawn,Mckee,zramirez@example.net,New Craig,Tokelau,2024-10-18
237,Paul,Gray,leslie84@example.com,West Michael,Tanzania,2026-02-17
238,Joseph,Yu,danny32@example.com,East Nicholas,Holy See (Vatican City State),2025-12-18
239,Elizabeth,Miller,leonardbranch@example.net,Robinsonton,Fiji,2025-05-08
240,Alan,Watkins,callahanscott@example.com,New Julie,Finland,2026-02-23
241,Nicholas,Lee,ujohnson@example.com,Lake Charlesmouth,Latvia,2024-06-22
242,Joseph,Aguirre,kimberly79@example.org,Brooksshire,Uzbekistan,2026-01-06
243,Kathryn,Humphrey,uchavez@example.net,West Douglas,Ghana,2024-03-12
244,Rachel,Nelson,latoyawebb@example.com,Tiffanyville,Jamaica,2024-10-25
245,Ian,Hall,richardsonkaren@example.net,Copelandmouth,Faroe Islands,2025-12-31
246,Michelle,Stewart,rayjoshua@example.com,Lake Scott,Cocos (Keeling) Islands,2025-05-27
247,Scott,Coleman,cherylmurray@example.org,Gonzalesview,Hong Kong,2024-06-28
248,James,Miller,rjames@example.com,East Patriciamouth,San Marino,2025-01-01
249,John,Macdonald,mckinneyjessica@example.org,Amberchester,India,2023-07-15
250,Andrea,Scott,baileydenise@example.net,Amytown,Mayotte,2025-03-11
251,Andre,Nicholson,markgonzalez@example.net,Charleston,Sierra Leone,2025-03-23
252,Adam,Mccoy,benjamin47@example.com,Kaylaland,Gambia,2024-05-14
253,Kevin,Howard,sanchezdevin@example.net,West Nancy,Czech Republic,2025-10-07
254,Raymond,Ward,jstewart@example.net,Lake Kimberlyshire,Luxembourg,2024-06-10
255,Sandra,Hays,fordrobert@example.org,East Alexandratown,Kyrgyz Republic,2025-09-17
256,Noah,Sanchez,rodriguezedward@example.org,Marshallville,Mexico,2026-01-27
257,George,Humphrey,becky60@example.net,Oliviaville,Switzerland,2023-12-03
258,Rachel,Serrano,hamiltonemily@example.org,New Christopher,Kyrgyz Republic,2024-10-23
259,James,Jones,brian24@example.com,Hernandezbury,Georgia,2024-10-17
260,Steve,Wilson,jeffrey07@example.com,North Deanhaven,Equatorial Guinea,2025-11-25
261,Laura,Phillips,jameswu@example.net,Monroeland,Kuwait,2025-11-27
262,Maria,Miller,bowmanmichelle@example.com,Lake Maureen,Niue,2024-03-15
263,Linda,Clay,barbara18@example.org,East Davidfort,Philippines,2024-09-29
264,Jennifer,Carter,patrick91@example.org,Port Shannonburgh,Saint Lucia,2024-11-30
265,Brett,Snyder,rturner@example.net,North Andrea,Burundi,2024-01-31
266,Carrie,Ryan,michaelrobinson@example.net,West Michelleport,Malawi,2025-08-09
267,Jeremiah,Lynch,elizabethtaylor@example.net,Goodmanland,South Georgia and the South Sandwich Islands,2024-02-23
268,Valerie,Sherman,creed@example.net,East Shawn,Saudi Arabia,2024-09-12
269,Tyler,Herrera,jarvisfelicia@example.com,West Eddie,Swaziland,2024-11-21
270,Katherine,Beard,lewismarcus@example.org,Anitafurt,Saudi Arabia,2026-03-15
271,Kirk,Castro,lloydsharon@example.org,South Andreahaven,British Virgin Islands,2023-07-18
272,Brian,Vega,fgomez@example.net,South Mary,Macao,2026-06-18
273,Janet,Chang,taylormiller@example.com,Tammyport,Greenland,2023-08-10
274,Scott,Chapman,mary96@example.org,Johnstonport,Bolivia,2024-10-23
275,Christian,Fisher,xbrooks@example.org,East Curtis,Pakistan,2023-07-08
276,Shane,Waller,juliegraham@example.com,New Annamouth,Gabon,2024-08-26
277,Jonathan,Miller,sandycampbell@example.net,Millerfort,South Georgia and the South Sandwich Islands,2024-07-24
278,Scott,Rodriguez,richardmolina@example.org,Hessmouth,Slovakia (Slovak Republic),2024-12-11
279,Susan,Shaffer,fbright@example.com,North Paigeberg,Malaysia,2026-03-03
280,Maria,Owen,masseybrandy@example.net,Port Margaretland,Palau,2025-10-20
281,Scott,Contreras,jackson08@example.com,Brownview,Thailand,2023-09-19
282,John,Valenzuela,xcole@example.com,New Adam,Qatar,2025-08-23
283,Darrell,Taylor,michael07@example.com,New Debbieland,Morocco,2023-08-24
284,Stephanie,Brown,ethanmiller@example.com,Dustinchester,Russian Federation,2024-08-16
285,Jenny,Shelton,lucaskristen@example.com,Fernandezbury,Poland,2025-05-27
286,Tracy,Jacobson,timothy44@example.net,Trevinoside,Rwanda,2024-06-11
287,Ronald,Gill,woodardadam@example.com,Loganfort,Saint Vincent and the Grenadines,2024-07-09
288,Ann,Smith,samantha20@example.com,North Victoria,Spain,2025-03-09
289,John,Hayes,jennifer32@example.org,Donaldmouth,Egypt,2024-12-26
290,James,Ryan,msilva@example.net,North Jared,Central African Republic,2024-07-25
291,Kyle,Howard,ywalker@example.com,Danielfurt,Tunisia,2025-08-21
292,Leslie,King,esimmons@example.com,Scottville,San Marino,2025-05-24
293,Amanda,Williams,vscott@example.com,Kimberlymouth,Jamaica,2026-03-09
294,Meghan,Chavez,wdickson@example.net,New Michael,Samoa,2024-11-12
295,Carrie,Wheeler,garciaashley@example.net,Allisonmouth,Netherlands,2026-06-25
296,Nicole,Terry,kerrstephanie@example.com,Williamsfort,Solomon Islands,2024-01-22
297,Destiny,Mills,dalejones@example.org,Romeromouth,United States Virgin Islands,2024-10-09
298,Tina,White,carl94@example.com,Aliciaside,Dominica,2025-01-01
299,Darrell,Taylor,jesus86@example.org,North Alanville,Kuwait,2025-01-01
300,Jill,Daniels,vreed@example.net,Stephaniechester,Slovenia,2023-10-21
301,Theresa,Ortiz,htorres@example.org,Josephville,Burundi,2023-07-07
302,Terri,Long,wnelson@example.org,Joseberg,San Marino,2023-12-22
303,Richard,Johnson,thompsonjoanne@example.org,Fosterberg,Philippines,2024-01-18
304,Raymond,Campbell,weststeve@example.net,Hunterberg,Bouvet Island (Bouvetoya),2025-07-05
305,Frank,Stevenson,lauren38@example.com,Alexanderburgh,Nicaragua,2025-11-11
306,Melissa,Gutierrez,ashley41@example.net,Victoriachester,Angola,2025-02-01
307,David,Curry,cphillips@example.net,Loganville,Belarus,2023-08-10
308,Katherine,Wilcox,wdavis@example.net,South John,Lithuania,2023-10-10
309,Brianna,Dunn,fmckay@example.org,Stephanieside,Guinea,2026-05-11
310,Alvin,Pittman,jamie60@example.com,Port Susan,Maldives,2025-09-02
311,Adam,Gonzalez,vschmidt@example.com,Cassidyton,Montserrat,2025-10-10
312,James,Price,cameronmichael@example.com,South Jeremyfort,Guinea,2025-07-22
313,Steven,Pierce,ofox@example.net,Halestad,Ecuador,2024-04-05
314,Matthew,Archer,julian69@example.net,Anitaborough,Montserrat,2024-12-10
315,Lori,Ruiz,llozano@example.org,East Andrea,Holy See (Vatican City State),2024-09-26
316,Debra,Pierce,lturner@example.org,Benjaminville,Dominica,2025-10-23
317,Joseph,Rocha,courtneyballard@example.org,Moorestad,Taiwan,2024-03-08
318,Tracy,Brown,john99@example.org,Gonzalezside,Cote d'Ivoire,2025-02-17
319,Tommy,Nash,jennifer02@example.net,Port Lawrence,Mayotte,2025-10-16
320,Donald,Brown,emontes@example.org,West Russellview,Morocco,2024-01-02
321,Shawn,Peterson,casebradley@example.net,Mooreborough,South Africa,2026-01-15
322,Stephen,Nelson,michelefaulkner@example.net,Isaacfurt,Anguilla,2025-12-22
323,Christopher,Raymond,johnsonscott@example.org,Johnsonmouth,Iran,2024-02-05
324,Jacob,Myers,daniel31@example.org,Brianview,Azerbaijan,2024-09-17
325,Jeffery,Young,mcguiredavid@example.com,New Andreachester,Latvia,2025-06-23
326,Jason,Mercer,jamescarson@example.org,Morristown,Japan,2024-12-18
327,Sally,Williams,nicolerubio@example.org,Port Alan,Nauru,2026-05-31
328,Angela,Castaneda,thomas08@example.com,East Stephanie,Germany,2025-03-30
329,Tiffany,Buckley,jacob49@example.com,South Michaelport,Bulgaria,2024-12-19
330,Joseph,Riley,sarahhenry@example.net,South Alexander,Philippines,2023-09-02
331,Margaret,Boyd,kendra96@example.org,Jasonmouth,Saudi Arabia,2023-10-31
332,Lance,Clark,gonzalezpatrick@example.net,Patrickberg,Congo,2024-03-25
333,Ricardo,Roberts,cory34@example.com,Mcintoshchester,Palau,2023-08-28
334,Laura,Russo,bglover@example.org,Weaverchester,Mauritius,2023-11-25
335,Maria,Taylor,qjackson@example.com,Cummingsbury,Saudi Arabia,2023-11-05
336,Brian,Le,kevin52@example.org,Amberchester,Antarctica (the territory South of 60 deg S),2025-12-13
337,William,Sanders,hward@example.net,Port Michaelberg,Iran,2025-05-09
338,April,Green,jbrewer@example.net,Curtischester,Gabon,2024-03-24
339,David,Martin,lisawilliams@example.org,Gomezfort,Reunion,2023-12-26
340,Gregory,Harris,zwalker@example.org,Kellymouth,Cook Islands,2025-02-28
341,Jennifer,Collier,vcook@example.org,Martinezfurt,Albania,2024-03-29
342,Lauren,Smith,maurice73@example.org,Clarkmouth,Western Sahara,2025-03-26
343,Scott,Patterson,wsmith@example.com,North Michaelland,New Zealand,2024-06-26
344,Alexis,Franco,amandafuentes@example.net,Davisfort,Faroe Islands,2025-02-18
345,James,Singh,jessica87@example.org,Sonyabury,Bermuda,2025-06-15
346,Nicole,Morales,jessica85@example.net,Heatherchester,Bahrain,2025-10-01
347,Lauren,Brown,fschroeder@example.com,New Gina,United States Minor Outlying Islands,2023-12-31
348,Ryan,Watson,brownjamie@example.org,West Sarafurt,Finland,2024-04-13
349,Brenda,Brown,weberdawn@example.org,Lake Nicoleshire,New Zealand,2024-06-08
350,William,Hill,darlenedelgado@example.net,East Sarah,Zimbabwe,2024-08-15
351,Mark,Martinez,tylercook@example.org,South Justin,Montenegro,2024-10-07
352,Samantha,Carr,jgraves@example.com,New Matthew,Niue,2024-05-18
353,Heather,Mcintyre,annapennington@example.com,Port Whitney,Luxembourg,2023-07-15
354,Jonathan,Clark,elizabeth36@example.org,Port Susanberg,Albania,2024-10-23
355,Kenneth,Richardson,wgray@example.com,Ashleyview,Saudi Arabia,2024-11-24
356,Ronald,Avery,bwalters@example.org,Bauershire,Spain,2023-09-18
357,Anthony,Anderson,kevin50@example.net,Aliciaberg,Liberia,2026-01-13
358,Sally,Waters,bmitchell@example.net,East Antonio,Saudi Arabia,2025-09-08
359,Matthew,Wall,knoxashley@example.com,North Cynthialand,Marshall Islands,2025-05-14
360,Jessica,Snow,heather84@example.com,West Danielle,Azerbaijan,2025-06-15
361,Bernard,Olson,bensonteresa@example.com,South Sandra,Italy,2025-12-18
362,Ashley,English,uwoods@example.com,New Stacey,Spain,2025-05-01
363,Lauren,Salas,brittany77@example.com,Port Blake,Cameroon,2024-01-03
364,Scott,Willis,hooddaniel@example.org,West Leonardton,Liberia,2024-05-25
365,Madeline,Kim,dianeharris@example.net,Kristenland,Yemen,2025-02-24
366,Melissa,Sullivan,aunderwood@example.net,West Tina,South Africa,2024-01-20
367,Stefanie,Miller,toddmata@example.net,West Joanne,Puerto Rico,2024-10-15
368,Diana,Lopez,christopher99@example.com,East Philipside,Vanuatu,2023-09-26
369,Michelle,Barrett,tylerzuniga@example.org,Alexisville,United States of America,2024-07-04
370,Sabrina,Casey,umurphy@example.org,West Amy,Jordan,2025-12-12
371,Brooke,Davis,qguerrero@example.net,Bakertown,Iraq,2025-05-30
372,Carolyn,Ramirez,thomasbryce@example.org,Lake Matthew,Bouvet Island (Bouvetoya),2026-06-06
373,Adam,Woodard,smithmichael@example.com,East Kristin,Antigua and Barbuda,2026-06-21
374,Ryan,Young,claudia38@example.com,Carrollstad,Turks and Caicos Islands,2025-12-30
375,Luis,Wilson,sophiapowell@example.net,Dawnland,Netherlands Antilles,2023-09-02
376,Courtney,Daniel,guzmannoah@example.com,Jenniferton,Cote d'Ivoire,2025-09-20
377,Lauren,Chan,ohernandez@example.org,West Luke,Tajikistan,2024-01-10
378,Natalie,Bradley,danieljoan@example.org,North Kristentown,Faroe Islands,2025-06-05
379,Julie,Smith,lwinters@example.com,Port Caitlinfurt,Ireland,2025-06-06
380,Christopher,Floyd,vpalmer@example.org,New Stephanie,Cape Verde,2025-01-14
381,Gary,Martinez,anthony37@example.net,South Sherrifort,Afghanistan,2025-06-11
382,Shannon,Francis,tbernard@example.org,South Dana,Sao Tome and Principe,2025-12-27
383,Lawrence,Weaver,donald92@example.org,Simsview,Seychelles,2024-04-03
384,Kelli,Mcintyre,donnaandrews@example.org,Port John,Iceland,2023-12-28
385,Dorothy,Hawkins,zsmith@example.com,Wintersfort,Hungary,2023-10-25
386,William,Garza,kaufmanbrian@example.com,Wilkinsport,Botswana,2025-06-16
387,Lindsey,Cross,pmosley@example.com,East Kellyview,France,2025-04-28
388,Tyler,Adams,michaelray@example.net,Anthonymouth,Japan,2024-01-07
389,Alexander,Williams,ronnie50@example.net,Port Katie,Colombia,2026-02-23
390,Nancy,Middleton,crogers@example.net,West Kenneth,Monaco,2024-08-17
391,Richard,Moore,stephensonshawn@example.com,Melissaside,Sweden,2024-10-16
392,Austin,Cole,donald07@example.org,West Austinstad,Turkmenistan,2024-07-24
393,Kenneth,May,alanmaddox@example.net,Jessicafurt,Barbados,2023-06-29
394,Thomas,Smith,delacruzalicia@example.net,Lake Markmouth,Hungary,2024-01-21
395,Lauren,Thomas,jackwatts@example.org,Lake Jenna,Bahamas,2026-01-23
396,Robert,Weber,tmartinez@example.com,Lake Jamesside,Eritrea,2023-08-19
397,Mary,Lopez,evelyn46@example.org,South Christyport,Angola,2023-12-31
398,Dana,Daniel,hensleybrandy@example.com,East Coryport,United Arab Emirates,2025-05-04
399,Jose,Evans,oryan@example.org,Lake David,Egypt,2024-10-28
400,Hector,Wallace,scotttiffany@example.org,New Markfurt,Falkland Islands (Malvinas),2026-03-21
401,Leslie,Castaneda,mcgeeshane@example.com,West Michael,Chad,2023-12-20
402,Derek,Robles,danielskaitlin@example.org,West Lawrence,Nicaragua,2025-04-27
403,Martin,Graham,gilldustin@example.net,Port David,Belize,2025-09-04
404,Hannah,Carr,mpennington@example.com,East Kevin,Saudi Arabia,2023-12-15
405,Elizabeth,Velazquez,eyoung@example.org,East Jeffrey,Moldova,2024-01-02
406,Brittney,Freeman,kpowell@example.net,Barberstad,Nigeria,2025-08-02
407,Erica,Whitaker,joshualewis@example.org,Port David,Sierra Leone,2026-01-13
408,Crystal,Williams,samantha95@example.com,East Jessica,Afghanistan,2026-03-31
409,George,Savage,buckleycharles@example.com,Lake Catherine,Djibouti,2023-10-29
410,Scott,Lopez,ghumphrey@example.net,East Anna,Burkina Faso,2025-01-24
411,Derek,Harris,mcollins@example.org,West Hannahview,Austria,2025-07-14
412,Andre,Sanford,lauren39@example.org,Wareland,Slovakia (Slovak Republic),2025-11-22
413,Glenn,Decker,vramirez@example.com,North Matthewstad,Zambia,2026-04-16
414,Amy,Dawson,cmcdonald@example.com,East Johnfurt,Afghanistan,2026-05-15
415,Jacob,Martinez,gilbertchristina@example.com,South Tammy,Norway,2026-01-01
416,Cindy,Holmes,asnyder@example.org,New Earlville,Saint Barthelemy,2026-05-04
417,James,Curtis,james13@example.com,Taylorfurt,Cyprus,2024-02-10
418,Cynthia,Miranda,slynch@example.net,North Rhondafort,Colombia,2024-11-27
419,Linda,Johnson,matthewcantu@example.org,Port Tiffany,Jordan,2024-10-02
420,Brittney,White,tammy56@example.org,Tinafurt,Mali,2024-07-30
421,Steven,Valencia,kristin60@example.org,Lake Nicholas,Australia,2024-03-04
422,Jacob,Poole,andrea68@example.net,New Randy,Cameroon,2026-06-20
423,Peter,Ellis,yparsons@example.com,Woodton,Saint Lucia,2023-09-17
424,Caitlin,Edwards,ronald50@example.org,Port Phillip,British Indian Ocean Territory (Chagos Archipelago),2024-09-07
425,Sean,Garrison,michael50@example.net,North Heatherport,Guernsey,2024-10-07
426,Deborah,George,morrisrobert@example.com,Mitchellmouth,Rwanda,2024-11-11
427,Samantha,Robinson,ballmarissa@example.org,Lake Jasonside,Sweden,2026-04-30
428,Norman,Kidd,olopez@example.com,New Robert,Kenya,2024-12-17
429,Drew,Martinez,myu@example.org,South Edwardville,Mexico,2024-03-14
430,David,Anderson,christopher94@example.com,North Colleen,Bosnia and Herzegovina,2023-11-11
431,Shane,Young,fritzluis@example.com,Estesfurt,Falkland Islands (Malvinas),2024-11-21
432,Donald,Marshall,emitchell@example.org,East Jenniferchester,Antigua and Barbuda,2024-04-30
433,Kimberly,Nielsen,markdaniels@example.org,Lake Daniel,Costa Rica,2025-01-22
434,Tina,Scott,frivera@example.net,Smithmouth,Jordan,2024-09-09
435,Carlos,Flores,tanderson@example.net,Feliciahaven,Norfolk Island,2023-07-31
436,Kenneth,Hahn,trujillorachel@example.org,Jacquelineberg,Djibouti,2025-02-16
437,Timothy,Hansen,robert55@example.net,Jocelynport,Brunei Darussalam,2024-04-03
438,Matthew,Combs,lauralewis@example.com,Howellberg,Angola,2024-08-13
439,James,Morales,alanwarren@example.net,North Jacquelineland,Antarctica (the territory South of 60 deg S),2024-01-23
440,Kirk,Robinson,kenneth38@example.com,Leahshire,Saint Helena,2025-01-07
441,Lucas,Ward,xadams@example.org,East Nicole,Tanzania,2023-09-10
442,Jacob,Mcgee,scott66@example.com,Brianmouth,Dominica,2025-09-18
443,Wayne,Orozco,amanda49@example.com,East Shannonbury,Mayotte,2024-09-18
444,Jason,Blair,tashajuarez@example.net,Paynebury,Tuvalu,2026-02-24
445,William,Cross,zdurham@example.net,Curtisfurt,El Salvador,2025-05-26
446,Tony,Smith,hudsonronald@example.net,East Perry,Holy See (Vatican City State),2026-04-03
447,Kathryn,Meyer,pvillanueva@example.net,Lake Alexa,Brazil,2025-09-15
448,Debbie,Williams,beth89@example.net,Josefort,Bermuda,2024-03-22
449,Anna,Reynolds,matthewsroger@example.org,South Oscarmouth,Afghanistan,2023-09-16
450,Christina,Johnson,bmedina@example.com,New Daniel,Greece,2026-03-06
451,Rodney,Lynn,walkerjorge@example.org,Lynchburgh,Christmas Island,2025-09-28
452,Kathleen,Sanchez,grichmond@example.net,Solismouth,Guatemala,2025-07-23
453,Jacqueline,Williams,ccooke@example.net,Coxtown,Sri Lanka,2023-10-01
454,Mary,Ponce,englishcourtney@example.net,Mitchellfurt,Belgium,2024-08-26
455,John,Mcdonald,taylor84@example.org,Smithville,Mexico,2024-02-17
456,Elizabeth,Lawson,bauerkrystal@example.net,Markshire,Guinea,2023-11-25
457,Ashley,Cook,vhill@example.net,Zhangborough,Belize,2023-12-07
458,Barry,Hart,connorrodgers@example.net,South Marieton,Swaziland,2024-12-29
459,Brian,Patton,ericksonchad@example.com,Port Kevin,Reunion,2024-02-20
460,Patrick,Moreno,raymichelle@example.org,New Amy,Swaziland,2025-08-03
461,Sabrina,Roth,simmonseric@example.org,New Davidborough,Korea,2024-07-06
462,Jesus,Simpson,blackrachel@example.org,West Jennifermouth,Somalia,2025-04-01
463,Jerome,Parks,iguzman@example.com,Lake Samuel,Burundi,2025-08-18
464,Michael,Chambers,oevans@example.net,Blanchardtown,Peru,2025-06-24
465,Dylan,Sullivan,stoutjohn@example.com,Keithborough,Greece,2026-02-24
466,Nancy,Wilkins,camposalexander@example.org,Troyton,Reunion,2024-07-14
467,Jessica,Woods,ghamilton@example.com,Michaelshire,Poland,2025-08-05
468,Robyn,Herrera,brandon35@example.org,South Jeffreymouth,Somalia,2026-02-28
469,Brandon,Cervantes,johnstonjennifer@example.com,Dunnbury,Morocco,2023-07-26
470,Thomas,Watson,nancy48@example.com,North Jillfort,Rwanda,2025-11-22
471,Heather,Lambert,carrie54@example.com,Lake Jeremyfort,Saint Martin,2023-10-08
472,Valerie,Clark,ygutierrez@example.net,Lake Jenniferview,Indonesia,2024-06-21
473,Angel,Tucker,csnyder@example.org,Port Tina,Angola,2024-10-15
474,Robert,Skinner,robertsmith@example.org,Mikaylaland,Papua New Guinea,2024-11-26
475,Brett,Lambert,jacksonbenjamin@example.com,Walkerberg,Panama,2023-10-05
476,Leslie,Valdez,jim48@example.org,Butlerville,Senegal,2024-02-18
477,Ruben,Huff,crystal54@example.com,Toddside,Papua New Guinea,2025-04-29
478,Grant,Dunlap,theresa57@example.com,Jeffreyberg,American Samoa,2025-11-23
479,Joseph,Lee,mward@example.com,South Catherineberg,Jersey,2025-10-02
480,David,Simpson,elizabeth30@example.org,West Scott,Argentina,2023-12-22
481,Laura,Barrett,daniel40@example.com,Rodriguezchester,Burundi,2023-07-14
482,Deborah,Chang,joncooper@example.org,Sheltonmouth,Tuvalu,2025-01-18
483,Justin,Roth,cpayne@example.net,South Danielville,Barbados,2026-06-15
484,Sean,Fox,scottdavis@example.org,Christopherport,Luxembourg,2025-03-18
485,Kristen,Torres,kcruz@example.org,New Randymouth,Saint Kitts and Nevis,2025-08-24
486,Michael,Yu,contrerascolleen@example.net,New Katie,Lesotho,2025-08-23
487,Diana,Waters,alivingston@example.com,North Adam,Wallis and Futuna,2025-06-17
488,Marie,Ortega,hickshaley@example.org,Claytonview,Georgia,2025-03-26
489,Jo,Price,brent28@example.org,Port Maria,Zambia,2024-02-04
490,Joshua,Thornton,denise71@example.net,Zacharystad,Palau,2024-09-06
491,Laura,Hicks,qirwin@example.com,New Nancyhaven,Armenia,2023-10-06
492,David,Carter,croberson@example.net,Longport,Kenya,2026-01-02
493,Lisa,Wilson,santossamuel@example.com,Port Davidstad,Puerto Rico,2025-01-09
494,Victoria,Patel,ppeters@example.net,Jacksontown,Cocos (Keeling) Islands,2024-03-19
495,Tanya,Carpenter,paul40@example.com,East James,Falkland Islands (Malvinas),2025-10-17
496,Nicole,Golden,luis06@example.org,East Michael,Guadeloupe,2024-07-12
497,Joshua,Dean,elizabeth44@example.org,Ryanstad,Yemen,2026-04-09
498,Paul,Thompson,robinsonjeffery@example.com,East Kennethhaven,Zambia,2026-05-14
499,Jessica,Davis,freemanderrick@example.net,Robertburgh,Slovenia,2024-08-31
500,Eugene,Walton,millercassandra@example.net,Stephanieside,United Arab Emirates,2026-03-12
